,framerate,frames,bitrate,duration,size
framerate,1.0,0.3106330821884949,0.5009232804201454,-0.030248050269628072,0.4232112107788955
frames,0.3106330821884949,1.0,0.18404061256185933,0.9035451971271408,0.7143800106126297
bitrate,0.5009232804201454,0.18404061256185933,1.0,-0.04145214521452145,0.7598199819981998
duration,-0.030248050269628072,0.9035451971271408,-0.04145214521452145,1.0,0.5525592559255925
size,0.4232112107788955,0.7143800106126297,0.7598199819981998,0.5525592559255925,1.0
