,framerate,frames,bitrate,duration,size
framerate,1.0,0.24508355882371194,0.4108309649911055,0.09733212402731863,0.27305413728732164
frames,0.24508355882371194,1.0,0.048905859754388506,0.9612667086203774,0.5239802770524483
bitrate,0.4108309649911055,0.048905859754388506,1.0,-0.016874423902675583,0.5770060645935166
duration,0.09733212402731863,0.9612667086203774,-0.016874423902675583,1.0,0.4696095068009915
size,0.27305413728732164,0.5239802770524483,0.5770060645935166,0.4696095068009915,1.0
